{
  "hash": "4a24a9fc",
  "configHash": "6741e5da",
  "lockfileHash": "ed77f000",
  "browserHash": "40cd1151",
  "optimized": {
    "@angular/cdk/bidi": {
      "src": "../../../../../../node_modules/@angular/cdk/fesm2022/bidi.mjs",
      "file": "@angular_cdk_bidi.js",
      "fileHash": "c6855c97",
      "needsInterop": false
    },
    "@angular/cdk/scrolling": {
      "src": "../../../../../../node_modules/@angular/cdk/fesm2022/scrolling.mjs",
      "file": "@angular_cdk_scrolling.js",
      "fileHash": "8f0efd6e",
      "needsInterop": false
    },
    "@angular/cdk/text-field": {
      "src": "../../../../../../node_modules/@angular/cdk/fesm2022/text-field.mjs",
      "file": "@angular_cdk_text-field.js",
      "fileHash": "eb8bef2d",
      "needsInterop": false
    },
    "@angular/common": {
      "src": "../../../../../../node_modules/@angular/common/fesm2022/common.mjs",
      "file": "@angular_common.js",
      "fileHash": "c214e964",
      "needsInterop": false
    },
    "@angular/common/http": {
      "src": "../../../../../../node_modules/@angular/common/fesm2022/http.mjs",
      "file": "@angular_common_http.js",
      "fileHash": "8b1b97c6",
      "needsInterop": false
    },
    "@angular/core": {
      "src": "../../../../../../node_modules/@angular/core/fesm2022/core.mjs",
      "file": "@angular_core.js",
      "fileHash": "fab3dde3",
      "needsInterop": false
    },
    "@angular/forms": {
      "src": "../../../../../../node_modules/@angular/forms/fesm2022/forms.mjs",
      "file": "@angular_forms.js",
      "fileHash": "d755d239",
      "needsInterop": false
    },
    "@angular/material/button": {
      "src": "../../../../../../node_modules/@angular/material/fesm2022/button.mjs",
      "file": "@angular_material_button.js",
      "fileHash": "8440c178",
      "needsInterop": false
    },
    "@angular/material/card": {
      "src": "../../../../../../node_modules/@angular/material/fesm2022/card.mjs",
      "file": "@angular_material_card.js",
      "fileHash": "1565b238",
      "needsInterop": false
    },
    "@angular/material/chips": {
      "src": "../../../../../../node_modules/@angular/material/fesm2022/chips.mjs",
      "file": "@angular_material_chips.js",
      "fileHash": "30ca3ee9",
      "needsInterop": false
    },
    "@angular/material/core": {
      "src": "../../../../../../node_modules/@angular/material/fesm2022/core.mjs",
      "file": "@angular_material_core.js",
      "fileHash": "3b3f3361",
      "needsInterop": false
    },
    "@angular/material/datepicker": {
      "src": "../../../../../../node_modules/@angular/material/fesm2022/datepicker.mjs",
      "file": "@angular_material_datepicker.js",
      "fileHash": "4eaa50ee",
      "needsInterop": false
    },
    "@angular/material/dialog": {
      "src": "../../../../../../node_modules/@angular/material/fesm2022/dialog.mjs",
      "file": "@angular_material_dialog.js",
      "fileHash": "756c7fac",
      "needsInterop": false
    },
    "@angular/material/divider": {
      "src": "../../../../../../node_modules/@angular/material/fesm2022/divider.mjs",
      "file": "@angular_material_divider.js",
      "fileHash": "60af3b7b",
      "needsInterop": false
    },
    "@angular/material/form-field": {
      "src": "../../../../../../node_modules/@angular/material/fesm2022/form-field.mjs",
      "file": "@angular_material_form-field.js",
      "fileHash": "dfec3e0c",
      "needsInterop": false
    },
    "@angular/material/grid-list": {
      "src": "../../../../../../node_modules/@angular/material/fesm2022/grid-list.mjs",
      "file": "@angular_material_grid-list.js",
      "fileHash": "b41d0a87",
      "needsInterop": false
    },
    "@angular/material/icon": {
      "src": "../../../../../../node_modules/@angular/material/fesm2022/icon.mjs",
      "file": "@angular_material_icon.js",
      "fileHash": "2fcee396",
      "needsInterop": false
    },
    "@angular/material/input": {
      "src": "../../../../../../node_modules/@angular/material/fesm2022/input.mjs",
      "file": "@angular_material_input.js",
      "fileHash": "20bb4fac",
      "needsInterop": false
    },
    "@angular/material/menu": {
      "src": "../../../../../../node_modules/@angular/material/fesm2022/menu.mjs",
      "file": "@angular_material_menu.js",
      "fileHash": "7009b888",
      "needsInterop": false
    },
    "@angular/material/paginator": {
      "src": "../../../../../../node_modules/@angular/material/fesm2022/paginator.mjs",
      "file": "@angular_material_paginator.js",
      "fileHash": "69798f56",
      "needsInterop": false
    },
    "@angular/material/progress-spinner": {
      "src": "../../../../../../node_modules/@angular/material/fesm2022/progress-spinner.mjs",
      "file": "@angular_material_progress-spinner.js",
      "fileHash": "227b91a1",
      "needsInterop": false
    },
    "@angular/material/radio": {
      "src": "../../../../../../node_modules/@angular/material/fesm2022/radio.mjs",
      "file": "@angular_material_radio.js",
      "fileHash": "5ddf0ecd",
      "needsInterop": false
    },
    "@angular/material/select": {
      "src": "../../../../../../node_modules/@angular/material/fesm2022/select.mjs",
      "file": "@angular_material_select.js",
      "fileHash": "cdc1f1be",
      "needsInterop": false
    },
    "@angular/material/snack-bar": {
      "src": "../../../../../../node_modules/@angular/material/fesm2022/snack-bar.mjs",
      "file": "@angular_material_snack-bar.js",
      "fileHash": "93a04dc7",
      "needsInterop": false
    },
    "@angular/material/table": {
      "src": "../../../../../../node_modules/@angular/material/fesm2022/table.mjs",
      "file": "@angular_material_table.js",
      "fileHash": "500c711b",
      "needsInterop": false
    },
    "@angular/material/toolbar": {
      "src": "../../../../../../node_modules/@angular/material/fesm2022/toolbar.mjs",
      "file": "@angular_material_toolbar.js",
      "fileHash": "8a102149",
      "needsInterop": false
    },
    "@angular/platform-browser": {
      "src": "../../../../../../node_modules/@angular/platform-browser/fesm2022/platform-browser.mjs",
      "file": "@angular_platform-browser.js",
      "fileHash": "2aeba9ed",
      "needsInterop": false
    },
    "@angular/platform-browser/animations": {
      "src": "../../../../../../node_modules/@angular/platform-browser/fesm2022/animations.mjs",
      "file": "@angular_platform-browser_animations.js",
      "fileHash": "980bad0f",
      "needsInterop": false
    },
    "@angular/router": {
      "src": "../../../../../../node_modules/@angular/router/fesm2022/router.mjs",
      "file": "@angular_router.js",
      "fileHash": "c58b0d52",
      "needsInterop": false
    },
    "rxjs": {
      "src": "../../../../../../node_modules/rxjs/dist/esm5/index.js",
      "file": "rxjs.js",
      "fileHash": "e930751e",
      "needsInterop": false
    }
  },
  "chunks": {
    "chunk-BUBXZ3TL": {
      "file": "chunk-BUBXZ3TL.js"
    },
    "chunk-46BDI3WX": {
      "file": "chunk-46BDI3WX.js"
    },
    "chunk-5MVFWQAX": {
      "file": "chunk-5MVFWQAX.js"
    },
    "chunk-KEZE2Y3J": {
      "file": "chunk-KEZE2Y3J.js"
    },
    "chunk-C4DHVO5O": {
      "file": "chunk-C4DHVO5O.js"
    },
    "chunk-ZVBG3H3R": {
      "file": "chunk-ZVBG3H3R.js"
    },
    "chunk-FJLTFSAV": {
      "file": "chunk-FJLTFSAV.js"
    },
    "chunk-OIBNGD5S": {
      "file": "chunk-OIBNGD5S.js"
    },
    "chunk-CFPLQRV3": {
      "file": "chunk-CFPLQRV3.js"
    },
    "chunk-ZHD4FYSQ": {
      "file": "chunk-ZHD4FYSQ.js"
    },
    "chunk-ZD4ZC6VX": {
      "file": "chunk-ZD4ZC6VX.js"
    },
    "chunk-UDU42JBG": {
      "file": "chunk-UDU42JBG.js"
    },
    "chunk-CXMKBFHF": {
      "file": "chunk-CXMKBFHF.js"
    },
    "chunk-Y7RZYMFG": {
      "file": "chunk-Y7RZYMFG.js"
    },
    "chunk-BKVBCEXS": {
      "file": "chunk-BKVBCEXS.js"
    },
    "chunk-IZ7MX5V2": {
      "file": "chunk-IZ7MX5V2.js"
    },
    "chunk-OAV42HUK": {
      "file": "chunk-OAV42HUK.js"
    },
    "chunk-Z433TCVS": {
      "file": "chunk-Z433TCVS.js"
    },
    "chunk-SQM6I46I": {
      "file": "chunk-SQM6I46I.js"
    },
    "chunk-PAHU65YX": {
      "file": "chunk-PAHU65YX.js"
    },
    "chunk-52QBM4AD": {
      "file": "chunk-52QBM4AD.js"
    },
    "chunk-AH5UFKVA": {
      "file": "chunk-AH5UFKVA.js"
    },
    "chunk-3HJWJJAE": {
      "file": "chunk-3HJWJJAE.js"
    },
    "chunk-SZS4RJEH": {
      "file": "chunk-SZS4RJEH.js"
    },
    "chunk-UU5Z7QKS": {
      "file": "chunk-UU5Z7QKS.js"
    },
    "chunk-BKGN3QIE": {
      "file": "chunk-BKGN3QIE.js"
    },
    "chunk-65RJ5ZZ2": {
      "file": "chunk-65RJ5ZZ2.js"
    },
    "chunk-FERTMRWT": {
      "file": "chunk-FERTMRWT.js"
    },
    "chunk-QRW7UTJY": {
      "file": "chunk-QRW7UTJY.js"
    },
    "chunk-M3HR6BUY": {
      "file": "chunk-M3HR6BUY.js"
    },
    "chunk-VEE34BE5": {
      "file": "chunk-VEE34BE5.js"
    },
    "chunk-H5HPXNXS": {
      "file": "chunk-H5HPXNXS.js"
    },
    "chunk-WNVI4JOA": {
      "file": "chunk-WNVI4JOA.js"
    },
    "chunk-56PPHEMJ": {
      "file": "chunk-56PPHEMJ.js"
    },
    "chunk-S35MAB2V": {
      "file": "chunk-S35MAB2V.js"
    }
  }
}